{
    "variants": {
        "facing=north,half=bottom,open=false,waterlogged=true": { "model": "maidensmaterials:block/cyan_stained_trapdoor_3_bottom" },
        "facing=south,half=bottom,open=false,waterlogged=true": { "model": "maidensmaterials:block/cyan_stained_trapdoor_3_bottom", "y": 180 },
        "facing=east,half=bottom,open=false,waterlogged=true": { "model": "maidensmaterials:block/cyan_stained_trapdoor_3_bottom", "y": 90 },
        "facing=west,half=bottom,open=false,waterlogged=true": { "model": "maidensmaterials:block/cyan_stained_trapdoor_3_bottom", "y": 270 },
        "facing=north,half=top,open=false,waterlogged=true": { "model": "maidensmaterials:block/cyan_stained_trapdoor_3_top" },
        "facing=south,half=top,open=false,waterlogged=true": { "model": "maidensmaterials:block/cyan_stained_trapdoor_3_top", "y": 180 },
        "facing=east,half=top,open=false,waterlogged=true": { "model": "maidensmaterials:block/cyan_stained_trapdoor_3_top", "y": 90 },
        "facing=west,half=top,open=false,waterlogged=true": { "model": "maidensmaterials:block/cyan_stained_trapdoor_3_top", "y": 270 },
        "facing=north,half=bottom,open=true,waterlogged=true": { "model": "maidensmaterials:block/cyan_stained_trapdoor_3_open" },
        "facing=south,half=bottom,open=true,waterlogged=true": { "model": "maidensmaterials:block/cyan_stained_trapdoor_3_open", "y": 180 },
        "facing=east,half=bottom,open=true,waterlogged=true": { "model": "maidensmaterials:block/cyan_stained_trapdoor_3_open", "y": 90 },
        "facing=west,half=bottom,open=true,waterlogged=true": { "model": "maidensmaterials:block/cyan_stained_trapdoor_3_open", "y": 270 },
        "facing=north,half=top,open=true,waterlogged=true": { "model": "maidensmaterials:block/cyan_stained_trapdoor_3_open", "x": 180, "y": 180 },
        "facing=south,half=top,open=true,waterlogged=true": { "model": "maidensmaterials:block/cyan_stained_trapdoor_3_open", "x": 180, "y": 0 },
        "facing=east,half=top,open=true,waterlogged=true": { "model": "maidensmaterials:block/cyan_stained_trapdoor_3_open", "x": 180, "y": 270 },
        "facing=west,half=top,open=true,waterlogged=true": { "model": "maidensmaterials:block/cyan_stained_trapdoor_3_open", "x": 180, "y": 90 },
		
		"facing=north,half=bottom,open=false,waterlogged=false": { "model": "maidensmaterials:block/cyan_stained_trapdoor_3_bottom" },
        "facing=south,half=bottom,open=false,waterlogged=false": { "model": "maidensmaterials:block/cyan_stained_trapdoor_3_bottom", "y": 180 },
        "facing=east,half=bottom,open=false,waterlogged=false": { "model": "maidensmaterials:block/cyan_stained_trapdoor_3_bottom", "y": 90 },
        "facing=west,half=bottom,open=false,waterlogged=false": { "model": "maidensmaterials:block/cyan_stained_trapdoor_3_bottom", "y": 270 },
        "facing=north,half=top,open=false,waterlogged=false": { "model": "maidensmaterials:block/cyan_stained_trapdoor_3_top" },
        "facing=south,half=top,open=false,waterlogged=false": { "model": "maidensmaterials:block/cyan_stained_trapdoor_3_top", "y": 180 },
        "facing=east,half=top,open=false,waterlogged=false": { "model": "maidensmaterials:block/cyan_stained_trapdoor_3_top", "y": 90 },
        "facing=west,half=top,open=false,waterlogged=false": { "model": "maidensmaterials:block/cyan_stained_trapdoor_3_top", "y": 270 },
        "facing=north,half=bottom,open=true,waterlogged=false": { "model": "maidensmaterials:block/cyan_stained_trapdoor_3_open" },
        "facing=south,half=bottom,open=true,waterlogged=false": { "model": "maidensmaterials:block/cyan_stained_trapdoor_3_open", "y": 180 },
        "facing=east,half=bottom,open=true,waterlogged=false": { "model": "maidensmaterials:block/cyan_stained_trapdoor_3_open", "y": 90 },
        "facing=west,half=bottom,open=true,waterlogged=false": { "model": "maidensmaterials:block/cyan_stained_trapdoor_3_open", "y": 270 },
        "facing=north,half=top,open=true,waterlogged=false": { "model": "maidensmaterials:block/cyan_stained_trapdoor_3_open", "x": 180, "y": 180 },
        "facing=south,half=top,open=true,waterlogged=false": { "model": "maidensmaterials:block/cyan_stained_trapdoor_3_open", "x": 180, "y": 0 },
        "facing=east,half=top,open=true,waterlogged=false": { "model": "maidensmaterials:block/cyan_stained_trapdoor_3_open", "x": 180, "y": 270 },
        "facing=west,half=top,open=true,waterlogged=false": { "model": "maidensmaterials:block/cyan_stained_trapdoor_3_open", "x": 180, "y": 90 }
    }
}
