{
	"variants": {
		"": [
			
			
	{ "model": "maidensmaterials:block/flower_grass" },
	{ "model": "maidensmaterials:block/flower_grass_1" },
	{ "model": "maidensmaterials:block/flower_grass_2" },
	{ "model": "maidensmaterials:block/flower_grass_4" },
	{ "model": "maidensmaterials:block/flower_grass_5" },
	{ "model": "maidensmaterials:block/flower_grass_4" },
	{ "model": "maidensmaterials:block/flower_grass_3" },
	{ "model": "maidensmaterials:block/flower_grass_2" },
	{ "model": "maidensmaterials:block/flower_grass_1" },
	{ "model": "maidensmaterials:block/flower_grass_5" },
	{ "model": "maidensmaterials:block/flower_grass_5" },
	{ "model": "maidensmaterials:block/flower_grass_5" }
		]
	}
}